<?xml version="1.0" encoding="utf-8"?>
<component size="600,50" extention="ProgressBar">
  <displayList>
    <image id="n6_q3ng" name="n6" src="q3ng9u" fileName="img/sp_jindutiaobg.png" xy="0,0" size="600,50" color="#f5f5f5">
      <relation target="" sidePair="width-width,height-height"/>
    </image>
    <image id="n7_q3ng" name="bar" src="q3ng9v" fileName="img/sp_jindutiao.png" xy="0,0" size="600,45" color="#f0a500">
      <relation target="" sidePair="width-width,height-height"/>
    </image>
  </displayList>
  <ProgressBar/>
</component>