{"configExcelURL":"/Doc/excel/","sceneJsonURL":"/bin/res/SceneJson/","configJsonURL":"/bin/res/ConfigJson/","configTSURL":"/src/Game/_config","excelInfoData":[{"url":"F:\\word\\LayaMiniGame\\Doc\\excel\\sceneNodeConfig.xlsx","info":{"mtime":"2021-2-21 19:35:08"}},{"url":"F:\\word\\LayaMiniGame\\Doc\\excel\\testConfig.xlsx","info":{"mtime":"2021-2-21 19:35:02"}},{"url":"F:\\word\\LayaMiniGame\\Doc\\excel\\testConst.xlsx","info":{"mtime":"2021-2-21 19:35:15"}},{"url":"F:\\LayaMiniGame\\Doc\\excel\\testConfig.xlsx","info":{"mtime":"2021-2-23 10:33:43 ├F10: AM┤"}},{"url":"F:\\LayaMiniGame\\Doc\\excel\\sceneNodeConfig.xlsx","info":{"mtime":"2021-2-23 10:33:43 ├F10: AM┤"}},{"url":"F:\\LayaMiniGame\\Doc\\excel\\testConst.xlsx","info":{"mtime":"2021-2-23 10:33:43 ├F10: AM┤"}}]}