<?xml version="1.0" encoding="utf-8"?>
<component size="600,50" extention="ProgressBar">
  <displayList>
    <image id="n3_m8kn" name="n3" src="m8knb" fileName="img/sp_jindutiaobg.png" xy="0,0" size="600,50" color="#f4f4f4">
      <relation target="" sidePair="width-width,height-height"/>
    </image>
    <image id="n1_tjpp" name="bar" src="nihr3" fileName="img/sp_jindutiao.png" xy="0,0" size="600,45" color="#f0a500">
      <relation target="" sidePair="width-width,height-height"/>
    </image>
  </displayList>
  <ProgressBar/>
</component>