<?xml version="1.0" encoding="utf-8"?>
<component size="750,1334" opaque="false">
  <displayList>
    <graph id="n1_yjy8" name="shade" xy="0,0" size="750,1334" type="rect" lineSize="0" fillColor="#f7222831">
      <relation target="" sidePair="width-width,height-height"/>
    </graph>
    <text id="n0_p2r5" name="text" xy="0,568" size="750,66" font="Microsoft YaHei" fontSize="50" color="#f6f7d4" align="center" vAlign="middle" autoSize="none" bold="true" shadowColor="#000000" shadowOffset="1,1" text="游戏加载中。。。">
      <relation target="" sidePair="width-width,middle-middle"/>
    </text>
    <component id="n4_q3ng" name="progress" src="q3ng9p" fileName="cmp/progress_game.xml" xy="75,672">
      <relation target="" sidePair="width-width,middle-middle"/>
      <ProgressBar value="100" max="100"/>
    </component>
  </displayList>
</component>